0.jpeg,42
1.jpeg,3
10.jpeg,39
100.jpeg,18
1000.jpeg,35
1001.jpeg,16
1002.jpeg,30
1003.jpeg,20
1004.jpeg,40
1005.jpeg,16
1006.jpeg,22
1007.jpeg,12
1008.jpeg,21
1009.jpeg,21
101.jpeg,8
1010.jpeg,12
1011.jpeg,16
1012.jpeg,4
1013.jpeg,45
1014.jpeg,38
1015.jpeg,3
1016.jpeg,41
1017.jpeg,6
1018.jpeg,8
1019.jpeg,49
102.jpeg,38
1020.jpeg,33
1021.jpeg,13
1022.jpeg,5
1023.jpeg,15
1024.jpeg,13
1025.jpeg,26
1026.jpeg,32
1027.jpeg,35
1028.jpeg,19
1029.jpeg,33
103.jpeg,38
1030.jpeg,23
1031.jpeg,14
1032.jpeg,49
1033.jpeg,7
1034.jpeg,33
1035.jpeg,33
1036.jpeg,2
1037.jpeg,9
1038.jpeg,33
1039.jpeg,47
104.jpeg,28
1040.jpeg,18
1041.jpeg,33
1042.jpeg,5
1043.jpeg,23
1044.jpeg,32
1045.jpeg,44
1046.jpeg,24
1047.jpeg,19
1048.jpeg,7
1049.jpeg,9
105.jpeg,16
1050.jpeg,47
1051.jpeg,1
1052.jpeg,7
1053.jpeg,31
1054.jpeg,7
1055.jpeg,45
1056.jpeg,20
1057.jpeg,17
1058.jpeg,34
1059.jpeg,7
106.jpeg,39
1060.jpeg,6
1061.jpeg,13
1062.jpeg,26
1063.jpeg,16
1064.jpeg,8
1065.jpeg,46
1066.jpeg,33
1067.jpeg,32
1068.jpeg,39
1069.jpeg,20
107.jpeg,36
1070.jpeg,13
1071.jpeg,4
1072.jpeg,18
1073.jpeg,35
1074.jpeg,35
1075.jpeg,41
1076.jpeg,11
1077.jpeg,45
1078.jpeg,4
1079.jpeg,13
108.jpeg,41
1080.jpeg,45
1081.jpeg,35
1082.jpeg,12
1083.jpeg,31
1084.jpeg,35
1085.jpeg,10
1086.jpeg,9
1087.jpeg,14
1088.jpeg,32
1089.jpeg,23
109.jpeg,20
1090.jpeg,36
1091.jpeg,8
1092.jpeg,49
1093.jpeg,46
1094.jpeg,15
1095.jpeg,3
1096.jpeg,47
1097.jpeg,0
1098.jpeg,40
1099.jpeg,14
11.jpeg,17
110.jpeg,26
1100.jpeg,20
1101.jpeg,35
1102.jpeg,45
1103.jpeg,47
1104.jpeg,19
1105.jpeg,6
1106.jpeg,20
1107.jpeg,28
1108.jpeg,3
1109.jpeg,38
111.jpeg,19
1110.jpeg,42
1111.jpeg,23
1112.jpeg,39
1113.jpeg,6
1114.jpeg,2
1115.jpeg,19
1116.jpeg,16
1117.jpeg,38
1118.jpeg,11
1119.jpeg,12
112.jpeg,28
1120.jpeg,38
1121.jpeg,18
1122.jpeg,3
1123.jpeg,15
1124.jpeg,29
1125.jpeg,30
1126.jpeg,10
1127.jpeg,48
1128.jpeg,18
1129.jpeg,20
113.jpeg,13
1130.jpeg,30
1131.jpeg,35
1132.jpeg,8
1133.jpeg,42
1134.jpeg,8
1135.jpeg,14
1136.jpeg,46
1137.jpeg,45
1138.jpeg,17
1139.jpeg,11
114.jpeg,8
1140.jpeg,4
1141.jpeg,26
1142.jpeg,24
1143.jpeg,3
1144.jpeg,12
1145.jpeg,21
1146.jpeg,2
1147.jpeg,44
1148.jpeg,30
1149.jpeg,0
115.jpeg,16
1150.jpeg,38
1151.jpeg,37
1152.jpeg,19
1153.jpeg,12
1154.jpeg,40
1155.jpeg,44
1156.jpeg,38
1157.jpeg,31
1158.jpeg,4
1159.jpeg,31
116.jpeg,2
1160.jpeg,15
1161.jpeg,31
1162.jpeg,45
1163.jpeg,47
1164.jpeg,27
1165.jpeg,48
1166.jpeg,18
1167.jpeg,26
1168.jpeg,21
1169.jpeg,35
117.jpeg,21
1170.jpeg,39
1171.jpeg,17
1172.jpeg,34
1173.jpeg,44
1174.jpeg,6
1175.jpeg,2
1176.jpeg,42
1177.jpeg,4
1178.jpeg,49
1179.jpeg,17
118.jpeg,39
1180.jpeg,46
1181.jpeg,28
1182.jpeg,30
1183.jpeg,21
1184.jpeg,18
1185.jpeg,29
1186.jpeg,38
1187.jpeg,9
1188.jpeg,23
1189.jpeg,13
119.jpeg,10
1190.jpeg,7
1191.jpeg,9
1192.jpeg,11
1193.jpeg,40
1194.jpeg,24
1195.jpeg,8
1196.jpeg,12
1197.jpeg,7
1198.jpeg,14
1199.jpeg,21
12.jpeg,26
120.jpeg,46
1200.jpeg,13
1201.jpeg,26
1202.jpeg,13
1203.jpeg,44
1204.jpeg,34
1205.jpeg,22
1206.jpeg,21
1207.jpeg,0
1208.jpeg,36
1209.jpeg,0
121.jpeg,22
1210.jpeg,49
1211.jpeg,40
1212.jpeg,17
1213.jpeg,7
1214.jpeg,38
1215.jpeg,24
1216.jpeg,45
1217.jpeg,48
1218.jpeg,41
1219.jpeg,10
122.jpeg,10
1220.jpeg,17
1221.jpeg,24
1222.jpeg,30
1223.jpeg,0
1224.jpeg,39
1225.jpeg,30
1226.jpeg,22
1227.jpeg,15
1228.jpeg,45
1229.jpeg,34
123.jpeg,35
1230.jpeg,36
1231.jpeg,8
1232.jpeg,6
1233.jpeg,12
1234.jpeg,30
1235.jpeg,26
1236.jpeg,40
1237.jpeg,1
1238.jpeg,7
1239.jpeg,41
124.jpeg,41
1240.jpeg,16
1241.jpeg,17
1242.jpeg,46
1243.jpeg,48
1244.jpeg,7
1245.jpeg,1
1246.jpeg,29
1247.jpeg,27
1248.jpeg,35
1249.jpeg,9
125.jpeg,13
1250.jpeg,47
1251.jpeg,31
1252.jpeg,35
1253.jpeg,49
1254.jpeg,11
1255.jpeg,15
1256.jpeg,7
1257.jpeg,12
1258.jpeg,15
1259.jpeg,4
126.jpeg,14
1260.jpeg,42
1261.jpeg,22
1262.jpeg,16
1263.jpeg,38
1264.jpeg,23
1265.jpeg,9
1266.jpeg,45
1267.jpeg,30
1268.jpeg,9
1269.jpeg,21
127.jpeg,29
1270.jpeg,21
1271.jpeg,3
1272.jpeg,8
1273.jpeg,42
1274.jpeg,40
1275.jpeg,44
1276.jpeg,41
1277.jpeg,10
1278.jpeg,40
1279.jpeg,24
128.jpeg,42
1280.jpeg,38
1281.jpeg,31
1282.jpeg,32
1283.jpeg,48
1284.jpeg,0
1285.jpeg,44
1286.jpeg,13
1287.jpeg,40
1288.jpeg,6
1289.jpeg,21
129.jpeg,40
1290.jpeg,23
1291.jpeg,49
1292.jpeg,13
1293.jpeg,19
1294.jpeg,9
1295.jpeg,32
1296.jpeg,38
1297.jpeg,23
1298.jpeg,11
1299.jpeg,31
13.jpeg,38
130.jpeg,20
1300.jpeg,4
1301.jpeg,4
1302.jpeg,8
1303.jpeg,41
1304.jpeg,28
1305.jpeg,48
1306.jpeg,7
1307.jpeg,40
1308.jpeg,45
1309.jpeg,22
131.jpeg,32
1310.jpeg,38
1311.jpeg,30
1312.jpeg,41
1313.jpeg,4
1314.jpeg,13
1315.jpeg,13
1316.jpeg,12
1317.jpeg,21
1318.jpeg,40
1319.jpeg,22
132.jpeg,46
1320.jpeg,44
1321.jpeg,40
1322.jpeg,6
1323.jpeg,42
1324.jpeg,0
1325.jpeg,11
1326.jpeg,4
1327.jpeg,13
1328.jpeg,42
1329.jpeg,5
133.jpeg,0
1330.jpeg,0
1331.jpeg,9
1332.jpeg,34
1333.jpeg,29
1334.jpeg,3
1335.jpeg,9
1336.jpeg,14
1337.jpeg,26
1338.jpeg,9
1339.jpeg,20
134.jpeg,27
1340.jpeg,32
1341.jpeg,13
1342.jpeg,41
1343.jpeg,32
1344.jpeg,16
1345.jpeg,21
1346.jpeg,34
1347.jpeg,47
1348.jpeg,9
1349.jpeg,20
135.jpeg,33
1350.jpeg,39
1351.jpeg,40
1352.jpeg,0
1353.jpeg,28
1354.jpeg,31
1355.jpeg,8
1356.jpeg,45
1357.jpeg,10
1358.jpeg,19
1359.jpeg,44
136.jpeg,23
1360.jpeg,29
1361.jpeg,10
1362.jpeg,14
1363.jpeg,45
1364.jpeg,48
1365.jpeg,45
1366.jpeg,25
1367.jpeg,36
1368.jpeg,39
1369.jpeg,4
137.jpeg,36
1370.jpeg,20
1371.jpeg,34
1372.jpeg,33
1373.jpeg,41
1374.jpeg,44
1375.jpeg,22
1376.jpeg,46
1377.jpeg,16
1378.jpeg,1
1379.jpeg,42
138.jpeg,47
1380.jpeg,17
1381.jpeg,5
1382.jpeg,36
1383.jpeg,46
1384.jpeg,19
1385.jpeg,40
1386.jpeg,38
1387.jpeg,5
1388.jpeg,27
1389.jpeg,46
139.jpeg,22
1390.jpeg,8
1391.jpeg,42
1392.jpeg,49
1393.jpeg,20
1394.jpeg,33
1395.jpeg,14
1396.jpeg,27
1397.jpeg,39
1398.jpeg,5
1399.jpeg,5
14.jpeg,38
140.jpeg,46
1400.jpeg,20
1401.jpeg,45
1402.jpeg,0
1403.jpeg,6
1404.jpeg,12
1405.jpeg,42
1406.jpeg,35
1407.jpeg,19
1408.jpeg,10
1409.jpeg,27
141.jpeg,30
1410.jpeg,42
1411.jpeg,0
1412.jpeg,46
1413.jpeg,16
1414.jpeg,4
1415.jpeg,29
1416.jpeg,40
1417.jpeg,5
1418.jpeg,0
1419.jpeg,11
142.jpeg,0
1420.jpeg,11
1421.jpeg,1
1422.jpeg,46
1423.jpeg,9
1424.jpeg,34
1425.jpeg,35
1426.jpeg,49
1427.jpeg,46
1428.jpeg,45
1429.jpeg,2
143.jpeg,48
1430.jpeg,30
1431.jpeg,49
1432.jpeg,27
1433.jpeg,4
1434.jpeg,16
1435.jpeg,1
1436.jpeg,40
1437.jpeg,7
1438.jpeg,26
1439.jpeg,10
144.jpeg,18
1440.jpeg,17
1441.jpeg,27
1442.jpeg,2
1443.jpeg,46
1444.jpeg,15
1445.jpeg,8
1446.jpeg,6
1447.jpeg,11
1448.jpeg,39
1449.jpeg,15
145.jpeg,35
1450.jpeg,35
1451.jpeg,9
1452.jpeg,18
1453.jpeg,21
1454.jpeg,15
1455.jpeg,30
1456.jpeg,29
1457.jpeg,0
1458.jpeg,5
1459.jpeg,6
146.jpeg,34
1460.jpeg,41
1461.jpeg,31
1462.jpeg,47
1463.jpeg,40
1464.jpeg,32
1465.jpeg,39
1466.jpeg,18
1467.jpeg,46
1468.jpeg,28
1469.jpeg,16
147.jpeg,26
1470.jpeg,34
1471.jpeg,11
1472.jpeg,24
1473.jpeg,2
1474.jpeg,9
1475.jpeg,46
1476.jpeg,34
1477.jpeg,49
1478.jpeg,3
1479.jpeg,22
148.jpeg,17
1480.jpeg,46
1481.jpeg,8
1482.jpeg,21
1483.jpeg,21
1484.jpeg,0
1485.jpeg,44
1486.jpeg,23
1487.jpeg,46
1488.jpeg,26
1489.jpeg,13
149.jpeg,17
1490.jpeg,34
1491.jpeg,8
1492.jpeg,4
1493.jpeg,42
1494.jpeg,24
1495.jpeg,9
1496.jpeg,12
1497.jpeg,14
1498.jpeg,40
1499.jpeg,26
15.jpeg,42
150.jpeg,12
1500.jpeg,19
1501.jpeg,10
1502.jpeg,10
151.jpeg,3
152.jpeg,36
153.jpeg,36
154.jpeg,40
155.jpeg,46
156.jpeg,47
157.jpeg,4
158.jpeg,40
159.jpeg,36
16.jpeg,13
160.jpeg,26
161.jpeg,5
162.jpeg,39
163.jpeg,27
164.jpeg,35
165.jpeg,31
166.jpeg,46
167.jpeg,25
168.jpeg,10
169.jpeg,26
17.jpeg,30
170.jpeg,49
171.jpeg,7
172.jpeg,11
173.jpeg,4
174.jpeg,38
175.jpeg,31
176.jpeg,35
177.jpeg,14
178.jpeg,18
179.jpeg,19
18.jpeg,46
180.jpeg,48
181.jpeg,5
182.jpeg,3
183.jpeg,29
184.jpeg,35
185.jpeg,24
186.jpeg,9
187.jpeg,28
188.jpeg,23
189.jpeg,28
19.jpeg,36
190.jpeg,24
191.jpeg,46
192.jpeg,16
193.jpeg,33
194.jpeg,7
195.jpeg,29
196.jpeg,2
197.jpeg,2
198.jpeg,10
199.jpeg,16
2.jpeg,14
20.jpeg,8
200.jpeg,20
201.jpeg,30
202.jpeg,7
203.jpeg,27
204.jpeg,15
205.jpeg,30
206.jpeg,45
207.jpeg,35
208.jpeg,35
209.jpeg,36
21.jpeg,35
210.jpeg,7
211.jpeg,36
212.jpeg,20
213.jpeg,44
214.jpeg,2
215.jpeg,4
216.jpeg,32
217.jpeg,38
218.jpeg,15
219.jpeg,48
22.jpeg,39
220.jpeg,29
221.jpeg,28
222.jpeg,18
223.jpeg,19
224.jpeg,31
225.jpeg,0
226.jpeg,10
227.jpeg,22
228.jpeg,16
229.jpeg,27
23.jpeg,15
230.jpeg,10
231.jpeg,3
232.jpeg,40
233.jpeg,49
234.jpeg,48
235.jpeg,11
236.jpeg,8
237.jpeg,6
238.jpeg,46
239.jpeg,20
24.jpeg,1
240.jpeg,3
241.jpeg,6
242.jpeg,6
243.jpeg,27
244.jpeg,2
245.jpeg,42
246.jpeg,31
247.jpeg,15
248.jpeg,33
249.jpeg,36
25.jpeg,24
250.jpeg,42
251.jpeg,5
252.jpeg,11
253.jpeg,5
254.jpeg,11
255.jpeg,35
256.jpeg,46
257.jpeg,47
258.jpeg,17
259.jpeg,19
26.jpeg,13
260.jpeg,12
261.jpeg,6
262.jpeg,4
263.jpeg,11
264.jpeg,10
265.jpeg,14
266.jpeg,46
267.jpeg,0
268.jpeg,3
269.jpeg,27
27.jpeg,10
270.jpeg,34
271.jpeg,30
272.jpeg,22
273.jpeg,33
274.jpeg,1
275.jpeg,2
276.jpeg,13
277.jpeg,19
278.jpeg,38
279.jpeg,12
28.jpeg,24
280.jpeg,20
281.jpeg,13
282.jpeg,26
283.jpeg,3
284.jpeg,47
285.jpeg,27
286.jpeg,1
287.jpeg,17
288.jpeg,14
289.jpeg,3
29.jpeg,31
290.jpeg,11
291.jpeg,18
292.jpeg,11
293.jpeg,37
294.jpeg,14
295.jpeg,35
296.jpeg,12
297.jpeg,46
298.jpeg,22
299.jpeg,32
3.jpeg,14
30.jpeg,14
300.jpeg,18
301.jpeg,24
302.jpeg,27
303.jpeg,20
304.jpeg,32
305.jpeg,48
306.jpeg,36
307.jpeg,20
308.jpeg,14
309.jpeg,40
31.jpeg,38
310.jpeg,24
311.jpeg,46
312.jpeg,13
313.jpeg,10
314.jpeg,26
315.jpeg,19
316.jpeg,14
317.jpeg,14
318.jpeg,12
319.jpeg,36
32.jpeg,13
320.jpeg,13
321.jpeg,3
322.jpeg,38
323.jpeg,9
324.jpeg,36
325.jpeg,9
326.jpeg,26
327.jpeg,1
328.jpeg,29
329.jpeg,30
33.jpeg,7
330.jpeg,24
331.jpeg,12
332.jpeg,20
333.jpeg,13
334.jpeg,14
335.jpeg,28
336.jpeg,21
337.jpeg,26
338.jpeg,14
339.jpeg,18
34.jpeg,15
340.jpeg,44
341.jpeg,2
342.jpeg,27
343.jpeg,47
344.jpeg,16
345.jpeg,2
346.jpeg,35
347.jpeg,17
348.jpeg,41
349.jpeg,36
35.jpeg,34
350.jpeg,22
351.jpeg,31
352.jpeg,49
353.jpeg,23
354.jpeg,6
355.jpeg,40
356.jpeg,47
357.jpeg,47
358.jpeg,47
359.jpeg,4
36.jpeg,20
360.jpeg,38
361.jpeg,17
362.jpeg,41
363.jpeg,11
364.jpeg,18
365.jpeg,21
366.jpeg,21
367.jpeg,0
368.jpeg,38
369.jpeg,44
37.jpeg,48
370.jpeg,21
371.jpeg,49
372.jpeg,16
373.jpeg,33
374.jpeg,10
375.jpeg,44
376.jpeg,31
377.jpeg,38
378.jpeg,21
379.jpeg,6
38.jpeg,22
380.jpeg,11
381.jpeg,38
382.jpeg,47
383.jpeg,8
384.jpeg,41
385.jpeg,0
386.jpeg,3
387.jpeg,7
388.jpeg,20
389.jpeg,27
39.jpeg,40
390.jpeg,24
391.jpeg,5
392.jpeg,14
393.jpeg,41
394.jpeg,4
395.jpeg,23
396.jpeg,30
397.jpeg,44
398.jpeg,26
399.jpeg,39
4.jpeg,39
40.jpeg,13
400.jpeg,18
401.jpeg,9
402.jpeg,32
403.jpeg,10
404.jpeg,30
405.jpeg,29
406.jpeg,28
407.jpeg,29
408.jpeg,3
409.jpeg,32
41.jpeg,38
410.jpeg,2
411.jpeg,5
412.jpeg,9
413.jpeg,21
414.jpeg,23
415.jpeg,24
416.jpeg,3
417.jpeg,2
418.jpeg,19
419.jpeg,2
42.jpeg,34
420.jpeg,39
421.jpeg,30
422.jpeg,40
423.jpeg,7
424.jpeg,14
425.jpeg,44
426.jpeg,14
427.jpeg,15
428.jpeg,29
429.jpeg,26
43.jpeg,0
430.jpeg,14
431.jpeg,3
432.jpeg,49
433.jpeg,14
434.jpeg,4
435.jpeg,27
436.jpeg,21
437.jpeg,1
438.jpeg,20
439.jpeg,31
44.jpeg,22
440.jpeg,31
441.jpeg,46
442.jpeg,4
443.jpeg,3
444.jpeg,48
445.jpeg,35
446.jpeg,19
447.jpeg,5
448.jpeg,4
449.jpeg,12
45.jpeg,36
450.jpeg,48
451.jpeg,35
452.jpeg,40
453.jpeg,8
454.jpeg,14
455.jpeg,38
456.jpeg,4
457.jpeg,2
458.jpeg,34
459.jpeg,10
46.jpeg,26
460.jpeg,17
461.jpeg,32
462.jpeg,8
463.jpeg,17
464.jpeg,10
465.jpeg,23
466.jpeg,49
467.jpeg,18
468.jpeg,0
469.jpeg,11
47.jpeg,48
470.jpeg,4
471.jpeg,2
472.jpeg,2
473.jpeg,8
474.jpeg,45
475.jpeg,2
476.jpeg,48
477.jpeg,6
478.jpeg,19
479.jpeg,40
48.jpeg,16
480.jpeg,18
481.jpeg,28
482.jpeg,31
483.jpeg,18
484.jpeg,19
485.jpeg,39
486.jpeg,16
487.jpeg,39
488.jpeg,26
489.jpeg,33
49.jpeg,16
490.jpeg,8
491.jpeg,28
492.jpeg,36
493.jpeg,44
494.jpeg,34
495.jpeg,44
496.jpeg,8
497.jpeg,18
498.jpeg,6
499.jpeg,29
5.jpeg,19
50.jpeg,5
500.jpeg,49
501.jpeg,36
502.jpeg,32
503.jpeg,29
504.jpeg,47
505.jpeg,17
506.jpeg,9
507.jpeg,29
508.jpeg,28
509.jpeg,46
51.jpeg,38
510.jpeg,19
511.jpeg,1
512.jpeg,36
513.jpeg,35
514.jpeg,38
515.jpeg,33
516.jpeg,36
517.jpeg,44
518.jpeg,10
519.jpeg,28
52.jpeg,23
520.jpeg,5
521.jpeg,10
522.jpeg,0
523.jpeg,39
524.jpeg,34
525.jpeg,3
526.jpeg,39
527.jpeg,36
528.jpeg,35
529.jpeg,7
53.jpeg,27
530.jpeg,20
531.jpeg,31
532.jpeg,30
533.jpeg,28
534.jpeg,36
535.jpeg,18
536.jpeg,44
537.jpeg,46
538.jpeg,38
539.jpeg,8
54.jpeg,14
540.jpeg,15
541.jpeg,24
542.jpeg,1
543.jpeg,35
544.jpeg,23
545.jpeg,34
546.jpeg,46
547.jpeg,28
548.jpeg,30
549.jpeg,15
55.jpeg,6
550.jpeg,19
551.jpeg,18
552.jpeg,2
553.jpeg,4
554.jpeg,10
555.jpeg,0
556.jpeg,6
557.jpeg,17
558.jpeg,4
559.jpeg,6
56.jpeg,11
560.jpeg,48
561.jpeg,41
562.jpeg,33
563.jpeg,4
564.jpeg,26
565.jpeg,8
566.jpeg,11
567.jpeg,33
568.jpeg,46
569.jpeg,46
57.jpeg,28
570.jpeg,33
571.jpeg,24
572.jpeg,31
573.jpeg,41
574.jpeg,2
575.jpeg,1
576.jpeg,24
577.jpeg,35
578.jpeg,6
579.jpeg,36
58.jpeg,44
580.jpeg,36
581.jpeg,35
582.jpeg,40
583.jpeg,47
584.jpeg,33
585.jpeg,7
586.jpeg,38
587.jpeg,11
588.jpeg,33
589.jpeg,10
59.jpeg,3
590.jpeg,26
591.jpeg,45
592.jpeg,39
593.jpeg,21
594.jpeg,8
595.jpeg,31
596.jpeg,17
597.jpeg,17
598.jpeg,17
599.jpeg,23
6.jpeg,0
60.jpeg,33
600.jpeg,23
601.jpeg,31
602.jpeg,12
603.jpeg,29
604.jpeg,23
605.jpeg,16
606.jpeg,1
607.jpeg,40
608.jpeg,35
609.jpeg,6
61.jpeg,10
610.jpeg,34
611.jpeg,32
612.jpeg,20
613.jpeg,22
614.jpeg,29
615.jpeg,48
616.jpeg,41
617.jpeg,45
618.jpeg,46
619.jpeg,15
62.jpeg,9
620.jpeg,26
621.jpeg,14
622.jpeg,49
623.jpeg,12
624.jpeg,45
625.jpeg,20
626.jpeg,38
627.jpeg,26
628.jpeg,28
629.jpeg,42
63.jpeg,33
630.jpeg,48
631.jpeg,10
632.jpeg,1
633.jpeg,44
634.jpeg,35
635.jpeg,16
636.jpeg,19
637.jpeg,13
638.jpeg,40
639.jpeg,12
64.jpeg,13
640.jpeg,13
641.jpeg,17
642.jpeg,42
643.jpeg,40
644.jpeg,40
645.jpeg,9
646.jpeg,14
647.jpeg,23
648.jpeg,9
649.jpeg,38
65.jpeg,47
650.jpeg,13
651.jpeg,35
652.jpeg,17
653.jpeg,13
654.jpeg,7
655.jpeg,6
656.jpeg,11
657.jpeg,14
658.jpeg,5
659.jpeg,4
66.jpeg,40
660.jpeg,36
661.jpeg,45
662.jpeg,35
663.jpeg,34
664.jpeg,21
665.jpeg,29
666.jpeg,1
667.jpeg,19
668.jpeg,13
669.jpeg,17
67.jpeg,8
670.jpeg,39
671.jpeg,26
672.jpeg,23
673.jpeg,7
674.jpeg,0
675.jpeg,35
676.jpeg,44
677.jpeg,0
678.jpeg,37
679.jpeg,39
68.jpeg,17
680.jpeg,32
681.jpeg,48
682.jpeg,17
683.jpeg,14
684.jpeg,1
685.jpeg,22
686.jpeg,33
687.jpeg,39
688.jpeg,16
689.jpeg,22
69.jpeg,35
690.jpeg,30
691.jpeg,0
692.jpeg,8
693.jpeg,35
694.jpeg,31
695.jpeg,38
696.jpeg,45
697.jpeg,7
698.jpeg,19
699.jpeg,21
7.jpeg,0
70.jpeg,10
700.jpeg,12
701.jpeg,12
702.jpeg,41
703.jpeg,19
704.jpeg,20
705.jpeg,39
706.jpeg,46
707.jpeg,15
708.jpeg,38
709.jpeg,21
71.jpeg,33
710.jpeg,5
711.jpeg,49
712.jpeg,17
713.jpeg,34
714.jpeg,11
715.jpeg,18
716.jpeg,11
717.jpeg,48
718.jpeg,29
719.jpeg,48
72.jpeg,13
720.jpeg,19
721.jpeg,19
722.jpeg,5
723.jpeg,44
724.jpeg,18
725.jpeg,9
726.jpeg,26
727.jpeg,28
728.jpeg,35
729.jpeg,22
73.jpeg,45
730.jpeg,16
731.jpeg,35
732.jpeg,0
733.jpeg,24
734.jpeg,21
735.jpeg,28
736.jpeg,5
737.jpeg,29
738.jpeg,39
739.jpeg,16
74.jpeg,18
740.jpeg,13
741.jpeg,17
742.jpeg,16
743.jpeg,44
744.jpeg,10
745.jpeg,3
746.jpeg,44
747.jpeg,46
748.jpeg,21
749.jpeg,29
75.jpeg,38
750.jpeg,13
751.jpeg,15
752.jpeg,17
753.jpeg,39
754.jpeg,0
755.jpeg,4
756.jpeg,16
757.jpeg,48
758.jpeg,7
759.jpeg,33
76.jpeg,23
760.jpeg,32
761.jpeg,29
762.jpeg,38
763.jpeg,5
764.jpeg,49
765.jpeg,0
766.jpeg,28
767.jpeg,42
768.jpeg,1
769.jpeg,23
77.jpeg,16
770.jpeg,12
771.jpeg,28
772.jpeg,33
773.jpeg,30
774.jpeg,21
775.jpeg,44
776.jpeg,19
777.jpeg,47
778.jpeg,40
779.jpeg,14
78.jpeg,30
780.jpeg,29
781.jpeg,47
782.jpeg,42
783.jpeg,20
784.jpeg,39
785.jpeg,36
786.jpeg,38
787.jpeg,20
788.jpeg,1
789.jpeg,13
79.jpeg,34
790.jpeg,38
791.jpeg,27
792.jpeg,4
793.jpeg,42
794.jpeg,40
795.jpeg,32
796.jpeg,34
797.jpeg,9
798.jpeg,3
799.jpeg,2
8.jpeg,49
80.jpeg,44
800.jpeg,46
801.jpeg,29
802.jpeg,18
803.jpeg,5
804.jpeg,32
805.jpeg,17
806.jpeg,16
807.jpeg,12
808.jpeg,12
809.jpeg,5
81.jpeg,44
810.jpeg,22
811.jpeg,21
812.jpeg,43
813.jpeg,32
814.jpeg,23
815.jpeg,26
816.jpeg,5
817.jpeg,19
818.jpeg,19
819.jpeg,47
82.jpeg,35
820.jpeg,28
821.jpeg,16
822.jpeg,2
823.jpeg,38
824.jpeg,29
825.jpeg,3
826.jpeg,17
827.jpeg,5
828.jpeg,16
829.jpeg,47
83.jpeg,47
830.jpeg,20
831.jpeg,27
832.jpeg,8
833.jpeg,49
834.jpeg,40
835.jpeg,42
836.jpeg,17
837.jpeg,20
838.jpeg,2
839.jpeg,15
84.jpeg,33
840.jpeg,7
841.jpeg,41
842.jpeg,19
843.jpeg,3
844.jpeg,14
845.jpeg,30
846.jpeg,3
847.jpeg,38
848.jpeg,39
849.jpeg,8
85.jpeg,18
850.jpeg,28
851.jpeg,11
852.jpeg,15
853.jpeg,18
854.jpeg,13
855.jpeg,39
856.jpeg,42
857.jpeg,22
858.jpeg,26
859.jpeg,47
86.jpeg,30
860.jpeg,29
861.jpeg,26
862.jpeg,30
863.jpeg,45
864.jpeg,38
865.jpeg,39
866.jpeg,13
867.jpeg,8
868.jpeg,30
869.jpeg,41
87.jpeg,23
870.jpeg,4
871.jpeg,5
872.jpeg,46
873.jpeg,1
874.jpeg,16
875.jpeg,1
876.jpeg,27
877.jpeg,1
878.jpeg,35
879.jpeg,9
88.jpeg,3
880.jpeg,25
881.jpeg,35
882.jpeg,16
883.jpeg,47
884.jpeg,30
885.jpeg,7
886.jpeg,41
887.jpeg,45
888.jpeg,22
889.jpeg,26
89.jpeg,5
890.jpeg,12
891.jpeg,16
892.jpeg,36
893.jpeg,29
894.jpeg,2
895.jpeg,8
896.jpeg,0
897.jpeg,41
898.jpeg,2
899.jpeg,39
9.jpeg,30
90.jpeg,18
900.jpeg,11
901.jpeg,22
902.jpeg,30
903.jpeg,20
904.jpeg,27
905.jpeg,11
906.jpeg,12
907.jpeg,5
908.jpeg,40
909.jpeg,2
91.jpeg,7
910.jpeg,10
911.jpeg,29
912.jpeg,48
913.jpeg,4
914.jpeg,42
915.jpeg,46
916.jpeg,36
917.jpeg,11
918.jpeg,19
919.jpeg,31
92.jpeg,29
920.jpeg,32
921.jpeg,17
922.jpeg,18
923.jpeg,8
924.jpeg,48
925.jpeg,4
926.jpeg,23
927.jpeg,22
928.jpeg,13
929.jpeg,47
93.jpeg,35
930.jpeg,29
931.jpeg,16
932.jpeg,39
933.jpeg,20
934.jpeg,16
935.jpeg,14
936.jpeg,44
937.jpeg,10
938.jpeg,9
939.jpeg,30
94.jpeg,49
940.jpeg,29
941.jpeg,24
942.jpeg,22
943.jpeg,36
944.jpeg,10
945.jpeg,5
946.jpeg,40
947.jpeg,24
948.jpeg,42
949.jpeg,27
95.jpeg,3
950.jpeg,27
951.jpeg,6
952.jpeg,45
953.jpeg,15
954.jpeg,15
955.jpeg,14
956.jpeg,22
957.jpeg,35
958.jpeg,16
959.jpeg,18
96.jpeg,27
960.jpeg,1
961.jpeg,31
962.jpeg,0
963.jpeg,24
964.jpeg,35
965.jpeg,28
966.jpeg,40
967.jpeg,34
968.jpeg,21
969.jpeg,6
97.jpeg,30
970.jpeg,2
971.jpeg,17
972.jpeg,19
973.jpeg,45
974.jpeg,39
975.jpeg,7
976.jpeg,22
977.jpeg,41
978.jpeg,41
979.jpeg,33
98.jpeg,19
980.jpeg,28
981.jpeg,46
982.jpeg,14
983.jpeg,17
984.jpeg,15
985.jpeg,32
986.jpeg,18
987.jpeg,36
988.jpeg,6
989.jpeg,13
99.jpeg,6
990.jpeg,36
991.jpeg,3
992.jpeg,36
993.jpeg,8
994.jpeg,12
995.jpeg,7
996.jpeg,6
997.jpeg,45
998.jpeg,22
999.jpeg,13
