0.jpeg,37
1.jpeg,23
10.jpeg,33
100.jpeg,10
1000.jpeg,29
1001.jpeg,8
1002.jpeg,24
1003.jpeg,13
1004.jpeg,35
1005.jpeg,8
1006.jpeg,15
1007.jpeg,4
1008.jpeg,14
1009.jpeg,14
101.jpeg,48
1010.jpeg,4
1011.jpeg,8
1012.jpeg,34
1013.jpeg,40
1014.jpeg,32
1015.jpeg,23
1016.jpeg,36
1017.jpeg,46
1018.jpeg,48
1019.jpeg,44
102.jpeg,32
1020.jpeg,27
1021.jpeg,5
1022.jpeg,45
1023.jpeg,7
1024.jpeg,5
1025.jpeg,19
1026.jpeg,26
1027.jpeg,29
1028.jpeg,11
1029.jpeg,27
103.jpeg,32
1030.jpeg,16
1031.jpeg,6
1032.jpeg,44
1033.jpeg,47
1034.jpeg,27
1035.jpeg,27
1036.jpeg,12
1037.jpeg,49
1038.jpeg,27
1039.jpeg,42
104.jpeg,21
1040.jpeg,10
1041.jpeg,27
1042.jpeg,45
1043.jpeg,16
1044.jpeg,26
1045.jpeg,39
1046.jpeg,17
1047.jpeg,11
1048.jpeg,47
1049.jpeg,49
105.jpeg,8
1050.jpeg,42
1051.jpeg,1
1052.jpeg,47
1053.jpeg,25
1054.jpeg,47
1055.jpeg,40
1056.jpeg,13
1057.jpeg,9
1058.jpeg,28
1059.jpeg,47
106.jpeg,33
1060.jpeg,46
1061.jpeg,5
1062.jpeg,19
1063.jpeg,8
1064.jpeg,48
1065.jpeg,41
1066.jpeg,27
1067.jpeg,26
1068.jpeg,33
1069.jpeg,13
107.jpeg,30
1070.jpeg,5
1071.jpeg,34
1072.jpeg,10
1073.jpeg,29
1074.jpeg,29
1075.jpeg,36
1076.jpeg,3
1077.jpeg,40
1078.jpeg,34
1079.jpeg,5
108.jpeg,36
1080.jpeg,40
1081.jpeg,29
1082.jpeg,4
1083.jpeg,25
1084.jpeg,29
1085.jpeg,2
1086.jpeg,49
1087.jpeg,6
1088.jpeg,26
1089.jpeg,16
109.jpeg,13
1090.jpeg,30
1091.jpeg,48
1092.jpeg,44
1093.jpeg,41
1094.jpeg,7
1095.jpeg,23
1096.jpeg,42
1097.jpeg,0
1098.jpeg,35
1099.jpeg,6
11.jpeg,9
110.jpeg,19
1100.jpeg,13
1101.jpeg,29
1102.jpeg,40
1103.jpeg,42
1104.jpeg,11
1105.jpeg,46
1106.jpeg,13
1107.jpeg,21
1108.jpeg,23
1109.jpeg,32
111.jpeg,11
1110.jpeg,37
1111.jpeg,16
1112.jpeg,33
1113.jpeg,46
1114.jpeg,12
1115.jpeg,11
1116.jpeg,8
1117.jpeg,32
1118.jpeg,3
1119.jpeg,4
112.jpeg,21
1120.jpeg,32
1121.jpeg,10
1122.jpeg,23
1123.jpeg,7
1124.jpeg,22
1125.jpeg,24
1126.jpeg,2
1127.jpeg,43
1128.jpeg,10
1129.jpeg,13
113.jpeg,5
1130.jpeg,24
1131.jpeg,29
1132.jpeg,48
1133.jpeg,37
1134.jpeg,48
1135.jpeg,6
1136.jpeg,41
1137.jpeg,40
1138.jpeg,9
1139.jpeg,3
114.jpeg,48
1140.jpeg,34
1141.jpeg,19
1142.jpeg,17
1143.jpeg,23
1144.jpeg,4
1145.jpeg,14
1146.jpeg,12
1147.jpeg,39
1148.jpeg,24
1149.jpeg,0
115.jpeg,8
1150.jpeg,32
1151.jpeg,31
1152.jpeg,11
1153.jpeg,4
1154.jpeg,35
1155.jpeg,39
1156.jpeg,32
1157.jpeg,25
1158.jpeg,34
1159.jpeg,25
116.jpeg,12
1160.jpeg,7
1161.jpeg,25
1162.jpeg,40
1163.jpeg,42
1164.jpeg,20
1165.jpeg,43
1166.jpeg,10
1167.jpeg,19
1168.jpeg,14
1169.jpeg,29
117.jpeg,14
1170.jpeg,33
1171.jpeg,9
1172.jpeg,28
1173.jpeg,39
1174.jpeg,46
1175.jpeg,12
1176.jpeg,37
1177.jpeg,34
1178.jpeg,44
1179.jpeg,9
118.jpeg,33
1180.jpeg,41
1181.jpeg,21
1182.jpeg,24
1183.jpeg,14
1184.jpeg,10
1185.jpeg,22
1186.jpeg,32
1187.jpeg,49
1188.jpeg,16
1189.jpeg,5
119.jpeg,2
1190.jpeg,47
1191.jpeg,49
1192.jpeg,3
1193.jpeg,35
1194.jpeg,17
1195.jpeg,48
1196.jpeg,4
1197.jpeg,47
1198.jpeg,6
1199.jpeg,14
12.jpeg,19
120.jpeg,41
1200.jpeg,5
1201.jpeg,19
1202.jpeg,5
1203.jpeg,39
1204.jpeg,28
1205.jpeg,15
1206.jpeg,14
1207.jpeg,0
1208.jpeg,30
1209.jpeg,0
121.jpeg,15
1210.jpeg,44
1211.jpeg,35
1212.jpeg,9
1213.jpeg,47
1214.jpeg,32
1215.jpeg,17
1216.jpeg,40
1217.jpeg,43
1218.jpeg,36
1219.jpeg,2
122.jpeg,2
1220.jpeg,9
1221.jpeg,17
1222.jpeg,24
1223.jpeg,0
1224.jpeg,33
1225.jpeg,24
1226.jpeg,15
1227.jpeg,7
1228.jpeg,40
1229.jpeg,28
123.jpeg,29
1230.jpeg,30
1231.jpeg,48
1232.jpeg,46
1233.jpeg,4
1234.jpeg,24
1235.jpeg,19
1236.jpeg,35
1237.jpeg,1
1238.jpeg,47
1239.jpeg,36
124.jpeg,36
1240.jpeg,8
1241.jpeg,9
1242.jpeg,41
1243.jpeg,43
1244.jpeg,47
1245.jpeg,1
1246.jpeg,22
1247.jpeg,20
1248.jpeg,29
1249.jpeg,49
125.jpeg,5
1250.jpeg,42
1251.jpeg,25
1252.jpeg,29
1253.jpeg,44
1254.jpeg,3
1255.jpeg,7
1256.jpeg,47
1257.jpeg,4
1258.jpeg,7
1259.jpeg,34
126.jpeg,6
1260.jpeg,37
1261.jpeg,15
1262.jpeg,8
1263.jpeg,32
1264.jpeg,16
1265.jpeg,49
1266.jpeg,40
1267.jpeg,24
1268.jpeg,49
1269.jpeg,14
127.jpeg,22
1270.jpeg,14
1271.jpeg,23
1272.jpeg,48
1273.jpeg,37
1274.jpeg,35
1275.jpeg,39
1276.jpeg,36
1277.jpeg,2
1278.jpeg,35
1279.jpeg,17
128.jpeg,37
1280.jpeg,32
1281.jpeg,25
1282.jpeg,26
1283.jpeg,43
1284.jpeg,0
1285.jpeg,39
1286.jpeg,5
1287.jpeg,35
1288.jpeg,46
1289.jpeg,14
129.jpeg,35
1290.jpeg,16
1291.jpeg,44
1292.jpeg,5
1293.jpeg,11
1294.jpeg,49
1295.jpeg,26
1296.jpeg,32
1297.jpeg,16
1298.jpeg,3
1299.jpeg,25
13.jpeg,32
130.jpeg,13
1300.jpeg,34
1301.jpeg,34
1302.jpeg,48
1303.jpeg,36
1304.jpeg,21
1305.jpeg,43
1306.jpeg,47
1307.jpeg,35
1308.jpeg,40
1309.jpeg,15
131.jpeg,26
1310.jpeg,32
1311.jpeg,24
1312.jpeg,36
1313.jpeg,34
1314.jpeg,5
1315.jpeg,5
1316.jpeg,4
1317.jpeg,14
1318.jpeg,35
1319.jpeg,15
132.jpeg,41
1320.jpeg,39
1321.jpeg,35
1322.jpeg,46
1323.jpeg,37
1324.jpeg,0
1325.jpeg,3
1326.jpeg,34
1327.jpeg,5
1328.jpeg,37
1329.jpeg,45
133.jpeg,0
1330.jpeg,0
1331.jpeg,49
1332.jpeg,28
1333.jpeg,22
1334.jpeg,23
1335.jpeg,49
1336.jpeg,6
1337.jpeg,19
1338.jpeg,49
1339.jpeg,13
134.jpeg,20
1340.jpeg,26
1341.jpeg,5
1342.jpeg,36
1343.jpeg,26
1344.jpeg,8
1345.jpeg,14
1346.jpeg,28
1347.jpeg,42
1348.jpeg,49
1349.jpeg,13
135.jpeg,27
1350.jpeg,33
1351.jpeg,35
1352.jpeg,0
1353.jpeg,21
1354.jpeg,25
1355.jpeg,48
1356.jpeg,40
1357.jpeg,2
1358.jpeg,11
1359.jpeg,39
136.jpeg,16
1360.jpeg,22
1361.jpeg,2
1362.jpeg,6
1363.jpeg,40
1364.jpeg,43
1365.jpeg,40
1366.jpeg,18
1367.jpeg,30
1368.jpeg,33
1369.jpeg,34
137.jpeg,30
1370.jpeg,13
1371.jpeg,28
1372.jpeg,27
1373.jpeg,36
1374.jpeg,39
1375.jpeg,15
1376.jpeg,41
1377.jpeg,8
1378.jpeg,1
1379.jpeg,37
138.jpeg,42
1380.jpeg,9
1381.jpeg,45
1382.jpeg,30
1383.jpeg,41
1384.jpeg,11
1385.jpeg,35
1386.jpeg,32
1387.jpeg,45
1388.jpeg,20
1389.jpeg,41
139.jpeg,15
1390.jpeg,48
1391.jpeg,37
1392.jpeg,44
1393.jpeg,13
1394.jpeg,27
1395.jpeg,6
1396.jpeg,20
1397.jpeg,33
1398.jpeg,45
1399.jpeg,45
14.jpeg,32
140.jpeg,41
1400.jpeg,13
1401.jpeg,40
1402.jpeg,0
1403.jpeg,46
1404.jpeg,4
1405.jpeg,37
1406.jpeg,29
1407.jpeg,11
1408.jpeg,2
1409.jpeg,20
141.jpeg,24
1410.jpeg,37
1411.jpeg,0
1412.jpeg,41
1413.jpeg,8
1414.jpeg,34
1415.jpeg,22
1416.jpeg,35
1417.jpeg,45
1418.jpeg,0
1419.jpeg,3
142.jpeg,0
1420.jpeg,3
1421.jpeg,1
1422.jpeg,41
1423.jpeg,49
1424.jpeg,28
1425.jpeg,29
1426.jpeg,44
1427.jpeg,41
1428.jpeg,40
1429.jpeg,12
143.jpeg,43
1430.jpeg,24
1431.jpeg,44
1432.jpeg,20
1433.jpeg,34
1434.jpeg,8
1435.jpeg,1
1436.jpeg,35
1437.jpeg,47
1438.jpeg,19
1439.jpeg,2
144.jpeg,10
1440.jpeg,9
1441.jpeg,20
1442.jpeg,12
1443.jpeg,41
1444.jpeg,7
1445.jpeg,48
1446.jpeg,46
1447.jpeg,3
1448.jpeg,33
1449.jpeg,7
145.jpeg,29
1450.jpeg,29
1451.jpeg,49
1452.jpeg,10
1453.jpeg,14
1454.jpeg,7
1455.jpeg,24
1456.jpeg,22
1457.jpeg,0
1458.jpeg,45
1459.jpeg,46
146.jpeg,28
1460.jpeg,36
1461.jpeg,25
1462.jpeg,42
1463.jpeg,35
1464.jpeg,26
1465.jpeg,33
1466.jpeg,10
1467.jpeg,41
1468.jpeg,21
1469.jpeg,8
147.jpeg,19
1470.jpeg,28
1471.jpeg,3
1472.jpeg,17
1473.jpeg,12
1474.jpeg,49
1475.jpeg,41
1476.jpeg,28
1477.jpeg,44
1478.jpeg,23
1479.jpeg,15
148.jpeg,9
1480.jpeg,41
1481.jpeg,48
1482.jpeg,14
1483.jpeg,14
1484.jpeg,0
1485.jpeg,39
1486.jpeg,16
1487.jpeg,41
1488.jpeg,19
1489.jpeg,5
149.jpeg,9
1490.jpeg,28
1491.jpeg,48
1492.jpeg,34
1493.jpeg,37
1494.jpeg,17
1495.jpeg,49
1496.jpeg,4
1497.jpeg,6
1498.jpeg,35
1499.jpeg,19
15.jpeg,37
150.jpeg,4
1500.jpeg,11
1501.jpeg,2
1502.jpeg,2
151.jpeg,23
152.jpeg,30
153.jpeg,30
154.jpeg,35
155.jpeg,41
156.jpeg,42
157.jpeg,34
158.jpeg,35
159.jpeg,30
16.jpeg,5
160.jpeg,19
161.jpeg,45
162.jpeg,33
163.jpeg,20
164.jpeg,29
165.jpeg,25
166.jpeg,41
167.jpeg,18
168.jpeg,2
169.jpeg,19
17.jpeg,24
170.jpeg,44
171.jpeg,47
172.jpeg,3
173.jpeg,34
174.jpeg,32
175.jpeg,25
176.jpeg,29
177.jpeg,6
178.jpeg,10
179.jpeg,11
18.jpeg,41
180.jpeg,43
181.jpeg,45
182.jpeg,23
183.jpeg,22
184.jpeg,29
185.jpeg,17
186.jpeg,49
187.jpeg,21
188.jpeg,16
189.jpeg,21
19.jpeg,30
190.jpeg,17
191.jpeg,41
192.jpeg,8
193.jpeg,27
194.jpeg,47
195.jpeg,22
196.jpeg,12
197.jpeg,12
198.jpeg,2
199.jpeg,8
2.jpeg,6
20.jpeg,48
200.jpeg,13
201.jpeg,24
202.jpeg,47
203.jpeg,20
204.jpeg,7
205.jpeg,24
206.jpeg,40
207.jpeg,29
208.jpeg,29
209.jpeg,30
21.jpeg,29
210.jpeg,47
211.jpeg,30
212.jpeg,13
213.jpeg,39
214.jpeg,12
215.jpeg,34
216.jpeg,26
217.jpeg,32
218.jpeg,7
219.jpeg,43
22.jpeg,33
220.jpeg,22
221.jpeg,21
222.jpeg,10
223.jpeg,11
224.jpeg,25
225.jpeg,0
226.jpeg,2
227.jpeg,15
228.jpeg,8
229.jpeg,20
23.jpeg,7
230.jpeg,2
231.jpeg,23
232.jpeg,35
233.jpeg,44
234.jpeg,43
235.jpeg,3
236.jpeg,48
237.jpeg,46
238.jpeg,41
239.jpeg,13
24.jpeg,1
240.jpeg,23
241.jpeg,46
242.jpeg,46
243.jpeg,20
244.jpeg,12
245.jpeg,37
246.jpeg,25
247.jpeg,7
248.jpeg,27
249.jpeg,30
25.jpeg,17
250.jpeg,37
251.jpeg,45
252.jpeg,3
253.jpeg,45
254.jpeg,3
255.jpeg,29
256.jpeg,41
257.jpeg,42
258.jpeg,9
259.jpeg,11
26.jpeg,5
260.jpeg,4
261.jpeg,46
262.jpeg,34
263.jpeg,3
264.jpeg,2
265.jpeg,6
266.jpeg,41
267.jpeg,0
268.jpeg,23
269.jpeg,20
27.jpeg,2
270.jpeg,28
271.jpeg,24
272.jpeg,15
273.jpeg,27
274.jpeg,1
275.jpeg,12
276.jpeg,5
277.jpeg,11
278.jpeg,32
279.jpeg,4
28.jpeg,17
280.jpeg,13
281.jpeg,5
282.jpeg,19
283.jpeg,23
284.jpeg,42
285.jpeg,20
286.jpeg,1
287.jpeg,9
288.jpeg,6
289.jpeg,23
29.jpeg,25
290.jpeg,3
291.jpeg,10
292.jpeg,3
293.jpeg,31
294.jpeg,6
295.jpeg,29
296.jpeg,4
297.jpeg,41
298.jpeg,15
299.jpeg,26
3.jpeg,6
30.jpeg,6
300.jpeg,10
301.jpeg,17
302.jpeg,20
303.jpeg,13
304.jpeg,26
305.jpeg,43
306.jpeg,30
307.jpeg,13
308.jpeg,6
309.jpeg,35
31.jpeg,32
310.jpeg,17
311.jpeg,41
312.jpeg,5
313.jpeg,2
314.jpeg,19
315.jpeg,11
316.jpeg,6
317.jpeg,6
318.jpeg,4
319.jpeg,30
32.jpeg,5
320.jpeg,5
321.jpeg,23
322.jpeg,32
323.jpeg,49
324.jpeg,30
325.jpeg,49
326.jpeg,19
327.jpeg,1
328.jpeg,22
329.jpeg,24
33.jpeg,47
330.jpeg,17
331.jpeg,4
332.jpeg,13
333.jpeg,5
334.jpeg,6
335.jpeg,21
336.jpeg,14
337.jpeg,19
338.jpeg,6
339.jpeg,10
34.jpeg,7
340.jpeg,39
341.jpeg,12
342.jpeg,20
343.jpeg,42
344.jpeg,8
345.jpeg,12
346.jpeg,29
347.jpeg,9
348.jpeg,36
349.jpeg,30
35.jpeg,28
350.jpeg,15
351.jpeg,25
352.jpeg,44
353.jpeg,16
354.jpeg,46
355.jpeg,35
356.jpeg,42
357.jpeg,42
358.jpeg,42
359.jpeg,34
36.jpeg,13
360.jpeg,32
361.jpeg,9
362.jpeg,36
363.jpeg,3
364.jpeg,10
365.jpeg,14
366.jpeg,14
367.jpeg,0
368.jpeg,32
369.jpeg,39
37.jpeg,43
370.jpeg,14
371.jpeg,44
372.jpeg,8
373.jpeg,27
374.jpeg,2
375.jpeg,39
376.jpeg,25
377.jpeg,32
378.jpeg,14
379.jpeg,46
38.jpeg,15
380.jpeg,3
381.jpeg,32
382.jpeg,42
383.jpeg,48
384.jpeg,36
385.jpeg,0
386.jpeg,23
387.jpeg,47
388.jpeg,13
389.jpeg,20
39.jpeg,35
390.jpeg,17
391.jpeg,45
392.jpeg,6
393.jpeg,36
394.jpeg,34
395.jpeg,16
396.jpeg,24
397.jpeg,39
398.jpeg,19
399.jpeg,33
4.jpeg,33
40.jpeg,5
400.jpeg,10
401.jpeg,49
402.jpeg,26
403.jpeg,2
404.jpeg,24
405.jpeg,22
406.jpeg,21
407.jpeg,22
408.jpeg,23
409.jpeg,26
41.jpeg,32
410.jpeg,12
411.jpeg,45
412.jpeg,49
413.jpeg,14
414.jpeg,16
415.jpeg,17
416.jpeg,23
417.jpeg,12
418.jpeg,11
419.jpeg,12
42.jpeg,28
420.jpeg,33
421.jpeg,24
422.jpeg,35
423.jpeg,47
424.jpeg,6
425.jpeg,39
426.jpeg,6
427.jpeg,7
428.jpeg,22
429.jpeg,19
43.jpeg,0
430.jpeg,6
431.jpeg,23
432.jpeg,44
433.jpeg,6
434.jpeg,34
435.jpeg,20
436.jpeg,14
437.jpeg,1
438.jpeg,13
439.jpeg,25
44.jpeg,15
440.jpeg,25
441.jpeg,41
442.jpeg,34
443.jpeg,23
444.jpeg,43
445.jpeg,29
446.jpeg,11
447.jpeg,45
448.jpeg,34
449.jpeg,4
45.jpeg,30
450.jpeg,43
451.jpeg,29
452.jpeg,35
453.jpeg,48
454.jpeg,6
455.jpeg,32
456.jpeg,34
457.jpeg,12
458.jpeg,28
459.jpeg,2
46.jpeg,19
460.jpeg,9
461.jpeg,26
462.jpeg,48
463.jpeg,9
464.jpeg,2
465.jpeg,16
466.jpeg,44
467.jpeg,10
468.jpeg,0
469.jpeg,3
47.jpeg,43
470.jpeg,34
471.jpeg,12
472.jpeg,12
473.jpeg,48
474.jpeg,40
475.jpeg,12
476.jpeg,43
477.jpeg,46
478.jpeg,11
479.jpeg,35
48.jpeg,8
480.jpeg,10
481.jpeg,21
482.jpeg,25
483.jpeg,10
484.jpeg,11
485.jpeg,33
486.jpeg,8
487.jpeg,33
488.jpeg,19
489.jpeg,27
49.jpeg,8
490.jpeg,48
491.jpeg,21
492.jpeg,30
493.jpeg,39
494.jpeg,28
495.jpeg,39
496.jpeg,48
497.jpeg,10
498.jpeg,46
499.jpeg,22
5.jpeg,11
50.jpeg,45
500.jpeg,44
501.jpeg,30
502.jpeg,26
503.jpeg,22
504.jpeg,42
505.jpeg,9
506.jpeg,49
507.jpeg,22
508.jpeg,21
509.jpeg,41
51.jpeg,32
510.jpeg,11
511.jpeg,1
512.jpeg,30
513.jpeg,29
514.jpeg,32
515.jpeg,27
516.jpeg,30
517.jpeg,39
518.jpeg,2
519.jpeg,21
52.jpeg,16
520.jpeg,45
521.jpeg,2
522.jpeg,0
523.jpeg,33
524.jpeg,28
525.jpeg,23
526.jpeg,33
527.jpeg,30
528.jpeg,29
529.jpeg,47
53.jpeg,20
530.jpeg,13
531.jpeg,25
532.jpeg,24
533.jpeg,21
534.jpeg,30
535.jpeg,10
536.jpeg,39
537.jpeg,41
538.jpeg,32
539.jpeg,48
54.jpeg,6
540.jpeg,7
541.jpeg,17
542.jpeg,1
543.jpeg,29
544.jpeg,16
545.jpeg,28
546.jpeg,41
547.jpeg,21
548.jpeg,24
549.jpeg,7
55.jpeg,46
550.jpeg,11
551.jpeg,10
552.jpeg,12
553.jpeg,34
554.jpeg,2
555.jpeg,0
556.jpeg,46
557.jpeg,9
558.jpeg,34
559.jpeg,46
56.jpeg,3
560.jpeg,43
561.jpeg,36
562.jpeg,27
563.jpeg,34
564.jpeg,19
565.jpeg,48
566.jpeg,3
567.jpeg,27
568.jpeg,41
569.jpeg,41
57.jpeg,21
570.jpeg,27
571.jpeg,17
572.jpeg,25
573.jpeg,36
574.jpeg,12
575.jpeg,1
576.jpeg,17
577.jpeg,29
578.jpeg,46
579.jpeg,30
58.jpeg,39
580.jpeg,30
581.jpeg,29
582.jpeg,35
583.jpeg,42
584.jpeg,27
585.jpeg,47
586.jpeg,32
587.jpeg,3
588.jpeg,27
589.jpeg,2
59.jpeg,23
590.jpeg,19
591.jpeg,40
592.jpeg,33
593.jpeg,14
594.jpeg,48
595.jpeg,25
596.jpeg,9
597.jpeg,9
598.jpeg,9
599.jpeg,16
6.jpeg,0
60.jpeg,27
600.jpeg,16
601.jpeg,25
602.jpeg,4
603.jpeg,22
604.jpeg,16
605.jpeg,8
606.jpeg,1
607.jpeg,35
608.jpeg,29
609.jpeg,46
61.jpeg,2
610.jpeg,28
611.jpeg,26
612.jpeg,13
613.jpeg,15
614.jpeg,22
615.jpeg,43
616.jpeg,36
617.jpeg,40
618.jpeg,41
619.jpeg,7
62.jpeg,49
620.jpeg,19
621.jpeg,6
622.jpeg,44
623.jpeg,4
624.jpeg,40
625.jpeg,13
626.jpeg,32
627.jpeg,19
628.jpeg,21
629.jpeg,37
63.jpeg,27
630.jpeg,43
631.jpeg,2
632.jpeg,1
633.jpeg,39
634.jpeg,29
635.jpeg,8
636.jpeg,11
637.jpeg,5
638.jpeg,35
639.jpeg,4
64.jpeg,5
640.jpeg,5
641.jpeg,9
642.jpeg,37
643.jpeg,35
644.jpeg,35
645.jpeg,49
646.jpeg,6
647.jpeg,16
648.jpeg,49
649.jpeg,32
65.jpeg,42
650.jpeg,5
651.jpeg,29
652.jpeg,9
653.jpeg,5
654.jpeg,47
655.jpeg,46
656.jpeg,3
657.jpeg,6
658.jpeg,45
659.jpeg,34
66.jpeg,35
660.jpeg,30
661.jpeg,40
662.jpeg,29
663.jpeg,28
664.jpeg,14
665.jpeg,22
666.jpeg,1
667.jpeg,11
668.jpeg,5
669.jpeg,9
67.jpeg,48
670.jpeg,33
671.jpeg,19
672.jpeg,16
673.jpeg,47
674.jpeg,0
675.jpeg,29
676.jpeg,39
677.jpeg,0
678.jpeg,31
679.jpeg,33
68.jpeg,9
680.jpeg,26
681.jpeg,43
682.jpeg,9
683.jpeg,6
684.jpeg,1
685.jpeg,15
686.jpeg,27
687.jpeg,33
688.jpeg,8
689.jpeg,15
69.jpeg,29
690.jpeg,24
691.jpeg,0
692.jpeg,48
693.jpeg,29
694.jpeg,25
695.jpeg,32
696.jpeg,40
697.jpeg,47
698.jpeg,11
699.jpeg,14
7.jpeg,0
70.jpeg,2
700.jpeg,4
701.jpeg,4
702.jpeg,36
703.jpeg,11
704.jpeg,13
705.jpeg,33
706.jpeg,41
707.jpeg,7
708.jpeg,32
709.jpeg,14
71.jpeg,27
710.jpeg,45
711.jpeg,44
712.jpeg,9
713.jpeg,28
714.jpeg,3
715.jpeg,10
716.jpeg,3
717.jpeg,43
718.jpeg,22
719.jpeg,43
72.jpeg,5
720.jpeg,11
721.jpeg,11
722.jpeg,45
723.jpeg,39
724.jpeg,10
725.jpeg,49
726.jpeg,19
727.jpeg,21
728.jpeg,29
729.jpeg,15
73.jpeg,40
730.jpeg,8
731.jpeg,29
732.jpeg,0
733.jpeg,17
734.jpeg,14
735.jpeg,21
736.jpeg,45
737.jpeg,22
738.jpeg,33
739.jpeg,8
74.jpeg,10
740.jpeg,5
741.jpeg,9
742.jpeg,8
743.jpeg,39
744.jpeg,2
745.jpeg,23
746.jpeg,39
747.jpeg,41
748.jpeg,14
749.jpeg,22
75.jpeg,32
750.jpeg,5
751.jpeg,7
752.jpeg,9
753.jpeg,33
754.jpeg,0
755.jpeg,34
756.jpeg,8
757.jpeg,43
758.jpeg,47
759.jpeg,27
76.jpeg,16
760.jpeg,26
761.jpeg,22
762.jpeg,32
763.jpeg,45
764.jpeg,44
765.jpeg,0
766.jpeg,21
767.jpeg,37
768.jpeg,1
769.jpeg,16
77.jpeg,8
770.jpeg,4
771.jpeg,21
772.jpeg,27
773.jpeg,24
774.jpeg,14
775.jpeg,39
776.jpeg,11
777.jpeg,42
778.jpeg,35
779.jpeg,6
78.jpeg,24
780.jpeg,22
781.jpeg,42
782.jpeg,37
783.jpeg,13
784.jpeg,33
785.jpeg,30
786.jpeg,32
787.jpeg,13
788.jpeg,1
789.jpeg,5
79.jpeg,28
790.jpeg,32
791.jpeg,20
792.jpeg,34
793.jpeg,37
794.jpeg,35
795.jpeg,26
796.jpeg,28
797.jpeg,49
798.jpeg,23
799.jpeg,12
8.jpeg,44
80.jpeg,39
800.jpeg,41
801.jpeg,22
802.jpeg,10
803.jpeg,45
804.jpeg,26
805.jpeg,9
806.jpeg,8
807.jpeg,4
808.jpeg,4
809.jpeg,45
81.jpeg,39
810.jpeg,15
811.jpeg,14
812.jpeg,38
813.jpeg,26
814.jpeg,16
815.jpeg,19
816.jpeg,45
817.jpeg,11
818.jpeg,11
819.jpeg,42
82.jpeg,29
820.jpeg,21
821.jpeg,8
822.jpeg,12
823.jpeg,32
824.jpeg,22
825.jpeg,23
826.jpeg,9
827.jpeg,45
828.jpeg,8
829.jpeg,42
83.jpeg,42
830.jpeg,13
831.jpeg,20
832.jpeg,48
833.jpeg,44
834.jpeg,35
835.jpeg,37
836.jpeg,9
837.jpeg,13
838.jpeg,12
839.jpeg,7
84.jpeg,27
840.jpeg,47
841.jpeg,36
842.jpeg,11
843.jpeg,23
844.jpeg,6
845.jpeg,24
846.jpeg,23
847.jpeg,32
848.jpeg,33
849.jpeg,48
85.jpeg,10
850.jpeg,21
851.jpeg,3
852.jpeg,7
853.jpeg,10
854.jpeg,5
855.jpeg,33
856.jpeg,37
857.jpeg,15
858.jpeg,19
859.jpeg,42
86.jpeg,24
860.jpeg,22
861.jpeg,19
862.jpeg,24
863.jpeg,40
864.jpeg,32
865.jpeg,33
866.jpeg,5
867.jpeg,48
868.jpeg,24
869.jpeg,36
87.jpeg,16
870.jpeg,34
871.jpeg,45
872.jpeg,41
873.jpeg,1
874.jpeg,8
875.jpeg,1
876.jpeg,20
877.jpeg,1
878.jpeg,29
879.jpeg,49
88.jpeg,23
880.jpeg,18
881.jpeg,29
882.jpeg,8
883.jpeg,42
884.jpeg,24
885.jpeg,47
886.jpeg,36
887.jpeg,40
888.jpeg,15
889.jpeg,19
89.jpeg,45
890.jpeg,4
891.jpeg,8
892.jpeg,30
893.jpeg,22
894.jpeg,12
895.jpeg,48
896.jpeg,0
897.jpeg,36
898.jpeg,12
899.jpeg,33
9.jpeg,24
90.jpeg,10
900.jpeg,3
901.jpeg,15
902.jpeg,24
903.jpeg,13
904.jpeg,20
905.jpeg,3
906.jpeg,4
907.jpeg,45
908.jpeg,35
909.jpeg,12
91.jpeg,47
910.jpeg,2
911.jpeg,22
912.jpeg,43
913.jpeg,34
914.jpeg,37
915.jpeg,41
916.jpeg,30
917.jpeg,3
918.jpeg,11
919.jpeg,25
92.jpeg,22
920.jpeg,26
921.jpeg,9
922.jpeg,10
923.jpeg,48
924.jpeg,43
925.jpeg,34
926.jpeg,16
927.jpeg,15
928.jpeg,5
929.jpeg,42
93.jpeg,29
930.jpeg,22
931.jpeg,8
932.jpeg,33
933.jpeg,13
934.jpeg,8
935.jpeg,6
936.jpeg,39
937.jpeg,2
938.jpeg,49
939.jpeg,24
94.jpeg,44
940.jpeg,22
941.jpeg,17
942.jpeg,15
943.jpeg,30
944.jpeg,2
945.jpeg,45
946.jpeg,35
947.jpeg,17
948.jpeg,37
949.jpeg,20
95.jpeg,23
950.jpeg,20
951.jpeg,46
952.jpeg,40
953.jpeg,7
954.jpeg,7
955.jpeg,6
956.jpeg,15
957.jpeg,29
958.jpeg,8
959.jpeg,10
96.jpeg,20
960.jpeg,1
961.jpeg,25
962.jpeg,0
963.jpeg,17
964.jpeg,29
965.jpeg,21
966.jpeg,35
967.jpeg,28
968.jpeg,14
969.jpeg,46
97.jpeg,24
970.jpeg,12
971.jpeg,9
972.jpeg,11
973.jpeg,40
974.jpeg,33
975.jpeg,47
976.jpeg,15
977.jpeg,36
978.jpeg,36
979.jpeg,27
98.jpeg,11
980.jpeg,21
981.jpeg,41
982.jpeg,6
983.jpeg,9
984.jpeg,7
985.jpeg,26
986.jpeg,10
987.jpeg,30
988.jpeg,46
989.jpeg,5
99.jpeg,46
990.jpeg,30
991.jpeg,23
992.jpeg,30
993.jpeg,48
994.jpeg,4
995.jpeg,47
996.jpeg,46
997.jpeg,40
998.jpeg,15
999.jpeg,5
